xaxis,yaxis,zaxis,latituse,longitude,speed,sound,timestamp
0.11280823,9.164993,-0.0549469,23.54530116,87.29226997,0,68.461116747943,1501496329428
-0.93318176,9.328827,1.4204407,23.54530116,87.29226997,0,68.461116747943,1501496329445
-1.3850098,9.37381,0.6580353,23.54530116,87.29226997,0,68.461116747943,1501496329465
0.062301636,9.425858,0.2970581,23.54530116,87.29226997,0,68.461116747943,1501496329481
-1.4983215,10.07402,-0.3216858,23.54530116,87.29226997,0,68.461116747943,1501496329500
-0.04425049,9.461807,2.3812866,23.54530116,87.29226997,0,68.461116747943,1501496329519
-0.57922363,8.875793,0.72109985,23.54530116,87.29226997,0,68.461116747943,1501496329540
-0.66181946,9.228729,0.41578674,23.54530116,87.29226997,0,68.461116747943,1501496329558
-0.60502625,9.804306,0.50502014,23.54530116,87.29226997,0,68.461116747943,1501496329575
-0.3126526,9.533737,0.46035767,23.54530116,87.29226997,0,68.461116747943,1501496329598
-0.6485443,9.403976,1.0726013,23.54530116,87.29226997,0,68.461116747943,1501496329615
-1.6770325,9.006363,0.70388794,23.54530116,87.29226997,0,68.461116747943,1501496329632
-0.54766846,9.252213,0.38085938,23.54530116,87.29226997,0,68.461116747943,1501496329670
-0.8226776,10.082611,-0.1541748,23.54530116,87.29226997,0,68.461116747943,1501496329691
-0.0039978027,9.841568,1.5700531,23.54530116,87.29226997,0,68.461116747943,1501496329724
-1.05336,8.990433,0.9195099,23.54530116,87.29226997,0,68.461116747943,1501496329729
-0.7241974,8.967178,0.6231842,23.54530116,87.29226997,0,68.461116747943,1501496329763
-1.1004486,9.821869,0.8675537,23.54530116,87.29226997,0,68.461116747943,1501496329765
-0.09648132,9.656525,0.83044434,23.54530116,87.29226997,0,68.461116747943,1501496329783
-0.20230103,9.229431,0.44599915,23.54530116,87.29226997,0,68.461116747943,1501496329800
-1.3768463,8.929565,1.4071655,23.54530116,87.29226997,0,68.461116747943,1501496329821
-0.2688446,9.217346,0.50468445,23.54530116,87.29226997,0,68.461116747943,1501496329841
-0.80818176,10.1046295,-0.161026,23.54530116,87.29226997,0,68.461116747943,1501496329873
-0.3440857,9.7773285,1.4884033,23.54530116,87.29226997,0,68.461116747943,1501496329880
-1.0296326,8.781921,1.5474701,23.54530116,87.29226997,0,84.4177117073156,1501496329908
-0.5961151,8.948059,0.5549774,23.54530116,87.29226997,0,84.4177117073156,1501496329915
-1.0496674,10.322784,0.28605652,23.54530116,87.29226997,0,84.4177117073156,1501496329935
0.04536438,9.644882,0.4874878,23.54530116,87.29226997,0,84.4177117073156,1501496329956
-0.51745605,8.868362,1.1391144,23.54530116,87.29226997,0,84.4177117073156,1501496329990
-1.493515,8.777237,1.6980591,23.54530116,87.29226997,0,84.4177117073156,1501496330022
-0.5940094,9.278427,1.048523,23.54530116,87.29226997,0,84.4177117073156,1501496330028
-0.8995209,9.739853,-0.21134949,23.54530116,87.29226997,0,84.4177117073156,1501496330057
0.25732422,9.629303,0.9052429,23.54530116,87.29226997,0,84.4177117073156,1501496330064
-0.84402466,8.977203,1.9965515,23.54530116,87.29226997,0,84.4177117073156,1501496330094
-0.8746338,8.933273,0.6278076,23.54530117,87.29226997,0,84.4177117073156,1501496330101
-1.4976807,10.097794,0.030212402,23.54530117,87.29226997,0,84.4177117073156,1501496330122
-0.21743774,9.506683,0.7559509,23.54530117,87.29226997,0,84.4177117073156,1501496330142
-0.36402893,9.191483,1.1423645,23.54530117,87.29226997,0,84.4177117073156,1501496330176
-1.0397949,9.018082,1.0639954,23.54530117,87.29226997,0,84.4177117073156,1501496330180
-0.8252716,9.539993,0.46472168,23.54530117,87.29226997,0,84.4177117073156,1501496330210
-1.2627258,9.734619,-0.3309784,23.54530117,87.29226997,0,84.4177117073156,1501496330214
-0.84132385,9.709671,0.9221802,23.54530117,87.29226997,0,84.4177117073156,1501496330240
-1.3218689,9.197418,1.1103821,23.54530117,87.29226997,0,84.4177117073156,1501496330251
-0.5396576,9.424988,0.6349182,23.54530117,87.29226997,0,84.4177117073156,1501496330272
-2.017395,10.11026,-0.3515625,23.54530117,87.29226997,0,84.4177117073156,1501496330310
-0.55752563,9.502945,0.71183777,23.54530117,87.29226997,0,84.4177117073156,1501496330336
-0.8015442,9.293091,1.2581482,23.54530117,87.29226997,0,82.8123952105751,1501496330354
-1.3626251,9.109848,0.82281494,23.54530117,87.29226997,0,82.8123952105751,1501496330364
-0.7774048,9.45961,0.79437256,23.54530117,87.29226997,0,82.8123952105751,1501496330384
-1.5263062,9.727676,-0.7460327,23.54530117,87.29226997,0,82.8123952105751,1501496330402
-0.5616913,9.699066,1.2643585,23.54530117,87.29226997,0,82.8123952105751,1501496330420
-1.1920013,9.229843,1.3825531,23.54530117,87.29226997,0,82.8123952105751,1501496330439
-0.857254,9.338379,0.33735657,23.54530117,87.29226997,0,82.8123952105751,1501496330459
-1.3925171,9.69339,0.62931824,23.54530117,87.29226997,0,82.8123952105751,1501496330484
-0.41345215,9.381943,0.32766724,23.54530117,87.29226997,0,82.8123952105751,1501496330498
-0.9026947,9.340424,1.6744537,23.54530117,87.29226997,0,82.8123952105751,1501496330515
-1.6109924,9.068161,-1.178772,23.54530117,87.29226997,0,82.8123952105751,1501496330533
-0.6248932,9.395706,3.1943512,23.54530117,87.29226997,0,82.8123952105751,1501496330552
-0.23791504,10.196548,-0.7555542,23.54530117,87.29226997,0,82.8123952105751,1501496330571
-1.0273743,8.632385,0.44104004,23.54530117,87.29226997,0,82.8123952105751,1501496330592
-1.6153564,9.185928,1.0519257,23.54530117,87.29226997,0,82.8123952105751,1501496330631
0.1257782,9.397705,2.7606964,23.54530117,87.29226997,0,82.8123952105751,1501496330650
-1.1419525,9.934341,0.42236328,23.54530117,87.29226997,0,82.8123952105751,1501496330669
-0.7628937,9.379791,-1.5049286,23.54530117,87.29226997,0,82.8123952105751,1501496330683
-1.6977692,9.746429,0.48802185,23.54530117,87.29226997,0,82.8123952105751,1501496330701
-1.4906616,8.936752,1.3902283,23.54530117,87.29226997,0,82.8123952105751,1501496330721
-1.1111145,10.272568,-2.8991852,23.54530117,87.29226997,0,82.8123952105751,1501496330742
-0.37535095,9.699875,2.9817657,23.54530117,87.29226997,0,82.8123952105751,1501496330760
-1.2304382,9.496719,-4.8898163,23.54530117,87.29226997,0,82.8123952105751,1501496330784
-0.83657837,8.869843,4.532852,23.54530117,87.29226997,0,82.8123952105751,1501496330802
-1.4935303,9.695877,-4.6279755,23.54530117,87.29226997,0,82.8123952105751,1501496330817
-0.10041809,9.471191,5.7274323,23.54530117,87.29226997,0,74.529253144826,1501496330834
-1.9165344,9.7200165,-8.320831,23.54530117,87.29226997,0,74.529253144826,1501496330852
0.5941925,9.50415,9.113525,23.54530117,87.29226997,0,74.529253144826,1501496330871
-2.285263,8.75705,-11.463501,23.54530117,87.29226997,0,74.529253144826,1501496330891
-0.17887878,10.115982,12.830124,23.54530117,87.29226997,0,74.529253144826,1501496330928
-2.0562592,9.217911,-12.4040985,23.54530117,87.29226997,0,74.529253144826,1501496330957
-0.48789978,9.920746,9.129272,23.54530117,87.29226997,0,74.529253144826,1501496330973
-1.8853455,9.437408,-8.603729,23.54530117,87.29226997,0,74.529253144826,1501496330984
-0.16833496,9.2751465,5.8960266,23.54530117,87.29226997,0,74.529253144826,1501496331004
-1.7495117,9.619644,-5.0154266,23.54530117,87.29226997,0,74.529253144826,1501496331022
-1.3135834,9.875778,0.53575134,23.54530117,87.29226997,0,74.529253144826,1501496331040
-0.57266235,9.801712,0.67930603,23.54530117,87.29226997,0,74.529253144826,1501496331059
-1.1087952,8.633759,-4.003845,23.54530117,87.29226997,0,74.529253144826,1501496331079
-0.39353943,9.788757,5.8553467,23.54530117,87.29226997,0,74.529253144826,1501496331099
-1.0153961,8.95108,-6.551346,23.54530117,87.29226999,0,74.529253144826,1501496331117
-0.35646057,10.194244,4.814041,23.54530117,87.29226999,0,74.529253144826,1501496331136
-1.1864929,8.839142,-7.437195,23.54530117,87.29226999,0,74.529253144826,1501496331155
0.22502136,9.303421,4.9306335,23.54530117,87.29226999,0,74.529253144826,1501496331173
-0.94003296,9.24057,-3.3345337,23.54530117,87.29226999,0,74.529253144826,1501496331190
0.8306427,10.1171875,4.5229645,23.54530117,87.29226999,0,74.529253144826,1501496331209
-2.087387,10.481598,-7.0323334,23.54530117,87.29226999,0,74.529253144826,1501496331249
-0.24475098,9.243927,3.6600342,23.54530117,87.29226999,0,74.529253144826,1501496331271
-1.377945,9.199005,-1.991272,23.54530117,87.29226999,0,74.529253144826,1501496331289
-0.13313293,9.077698,-0.7631531,23.54530117,87.29226999,0,74.529253144826,1501496331302
0.8889618,9.814285,0.9124298,23.54530117,87.29226999,0,74.529253144826,1501496331321
-0.97325134,9.488312,-5.2134857,23.54530117,87.29226999,0,77.7828217522739,1501496331339
-0.25354004,8.982147,5.4719543,23.54530117,87.29226999,0,77.7828217522739,1501496331360
-1.4287415,9.17926,-7.292801,23.54530117,87.29226999,0,77.7828217522739,1501496331379
0.36569214,10.244354,8.439545,23.54530117,87.29226999,0,77.7828217522739,1501496331403
-2.1308136,9.832581,-9.377045,23.54530117,87.29226999,0,77.7828217522739,1501496331417
0.14175415,9.730911,6.5651703,23.54530117,87.29226999,0,77.7828217522739,1501496331436
-2.0753937,9.177155,-6.863983,23.54530117,87.29226999,0,77.7828217522739,1501496331454
-0.7542267,9.117569,6.139206,23.54530117,87.29226999,0,77.7828217522739,1501496331471
-2.0213165,9.544952,-6.3187103,23.54530117,87.29226999,0,77.7828217522739,1501496331491
0.11860657,9.079819,3.4061584,23.54530117,87.29226999,0,77.7828217522739,1501496331510
-1.4038696,8.581375,-3.0725708,23.54530117,87.29226999,0,77.7828217522739,1501496331530
-0.65589905,9.232483,2.1691895,23.54530117,87.29226999,0,77.7828217522739,1501496331569
-0.9808655,10.071884,-2.1768646,23.54530117,87.29226999,0,77.7828217522739,1501496331589
-1.3315125,10.454285,-2.8908691,23.54530117,87.29226999,0,77.7828217522739,1501496331603
0.073516846,9.331924,2.7987518,23.54530117,87.29226999,0,77.7828217522739,1501496331624
-1.7934875,9.903839,-3.5604706,23.54530117,87.29226999,0,77.7828217522739,1501496331642
-1.1283417,9.771179,4.964905,23.54530117,87.29226999,0,77.7828217522739,1501496331660
-1.697464,9.963287,-9.583221,23.54530117,87.29226999,0,77.7828217522739,1501496331678
1.318039,8.916367,7.146744,23.54530117,87.29226999,0,77.7828217522739,1501496331700
-2.8743134,9.706329,-8.380539,23.54530117,87.29226999,0,77.7828217522739,1501496331725
0.19029236,9.699692,7.703766,23.54530117,87.29226999,0,77.7828217522739,1501496331741
-0.9048462,10.537521,-7.765869,23.54530117,87.29226999,0,77.7828217522739,1501496331755
0.48069763,10.250946,7.166031,23.54530117,87.29226999,0,77.7828217522739,1501496331772
-3.48555,9.529968,-8.128235,23.54530117,87.29226999,0,77.7828217522739,1501496331791
0.29345703,8.959991,7.204376,23.54530117,87.29226999,0,76.7945931012523,1501496331810
0.12898254,9.025345,-10.025528,23.54530117,87.29226999,0,76.7945931012523,1501496331831
-0.25294495,10.467468,10.182602,23.54530117,87.29226999,0,76.7945931012523,1501496331847
-1.7593689,9.370071,-10.016541,23.54530117,87.29226999,0,76.7945931012523,1501496331888
1.7141418,9.613968,6.3860474,23.54530117,87.29226999,0,76.7945931012523,1501496331908
-1.1804504,8.682236,-6.9263153,23.54530117,87.29226999,0,76.7945931012523,1501496331925
-0.3086853,9.822754,3.1735687,23.54530117,87.29226999,0,76.7945931012523,1501496331942
1.079956,9.497162,1.0295715,23.54530117,87.29226999,0,76.7945931012523,1501496331960
-1.8325348,10.504425,-3.0158997,23.54530117,87.29226999,0,76.7945931012523,1501496331979
-1.5655975,8.318497,1.0754852,23.54530117,87.29226999,0,76.7945931012523,1501496331999
1.3119965,8.561218,-2.2793274,23.54530117,87.29226999,0,76.7945931012523,1501496332028
3.0921936,8.915451,4.1061096,23.54530117,87.29226999,0,76.7945931012523,1501496332039
-2.5280762,10.95636,-3.5019531,23.54530117,87.29226999,0,76.7945931012523,1501496332056
0.2585144,9.5486145,1.1567383,23.54530117,87.29226999,0,76.7945931012523,1501496332076
0.18087769,9.31842,-6.988266,23.54530117,87.29226999,0,76.7945931012523,1501496332094
3.0895996,8.276825,6.7352905,23.54529921,87.29226535,1.35,76.7945931012523,1501496332109
-0.890152,7.879608,-6.7821045,23.54529921,87.29226535,1.35,76.7945931012523,1501496332129
1.1410675,9.410828,8.246887,23.54529921,87.29226535,1.35,76.7945931012523,1501496332147
-0.50050354,10.321335,-9.899414,23.54529921,87.29226535,1.35,76.7945931012523,1501496332185
4.873459,9.3372345,11.546494,23.54529921,87.29226535,1.35,76.7945931012523,1501496332207
-2.5157776,9.445465,-8.146896,23.54529921,87.29226535,1.35,76.7945931012523,1501496332223
-0.18293762,10.711578,7.221451,23.54529921,87.29226535,1.35,76.7945931012523,1501496332242
-0.92611694,9.876297,-10.109497,23.54529921,87.29226535,1.35,76.7945931012523,1501496332260
-0.16920471,10.07489,5.2569275,23.54529921,87.29226535,1.35,76.7945931012523,1501496332280
-0.16700745,8.099823,-1.983017,23.54529921,87.29226535,1.35,77.7041346582132,1501496332297
1.6875,9.035507,6.6304626,23.54529921,87.29226535,1.35,77.7041346582132,1501496332317
-0.5934448,9.648575,-12.5793,23.54529921,87.29226535,1.35,77.7041346582132,1501496332337
0.17149353,11.114716,8.631287,23.54529921,87.29226535,1.35,77.7041346582132,1501496332358
-1.0497284,9.330414,-8.136871,23.54529921,87.29226535,1.35,77.7041346582132,1501496332374
1.5541077,9.732101,12.098068,23.54529921,87.29226535,1.35,77.7041346582132,1501496332392
-4.0230255,9.4405365,-11.734314,23.54529921,87.29226535,1.35,77.7041346582132,1501496332410
-0.17755127,10.297516,4.5372314,23.54529921,87.29226535,1.35,77.7041346582132,1501496332429
0.1619873,8.723434,-2.982071,23.54529921,87.29226535,1.35,77.7041346582132,1501496332449
-2.897873,9.968079,1.5151978,23.54529921,87.29226535,1.35,77.7041346582132,1501496332468
0.61499023,8.4049835,-4.1822968,23.54529921,87.29226535,1.35,77.7041346582132,1501496332508
1.1251373,9.773453,2.878662,23.54529921,87.29226535,1.35,77.7041346582132,1501496332528
-4.425827,10.431,-1.8831482,23.54529921,87.29226535,1.35,77.7041346582132,1501496332543
-1.2839966,9.94809,2.126297,23.54529921,87.29226535,1.35,77.7041346582132,1501496332561
0.31498718,9.525406,-2.4841614,23.54529921,87.29226535,1.35,77.7041346582132,1501496332580
0.08294678,9.942963,3.000885,23.54529921,87.29226535,1.35,77.7041346582132,1501496332598
-2.1225586,8.861542,-4.455414,23.54529921,87.29226535,1.35,77.7041346582132,1501496332617
0.35510254,9.040527,2.8314362,23.54529921,87.29226535,1.35,77.7041346582132,1501496332643
-0.5975952,10.3220825,-2.2322235,23.54529921,87.29226535,1.35,77.7041346582132,1501496332656
-1.9953461,9.280685,5.3556824,23.54529921,87.29226535,1.35,77.7041346582132,1501496332673
-0.69836426,9.85643,-4.893173,23.54529921,87.29226535,1.35,77.7041346582132,1501496332692
1.393753,8.6315,3.9751587,23.54529921,87.29226535,1.35,77.7041346582132,1501496332710
-2.313385,10.733154,-1.3148041,23.54529921,87.29226535,1.35,77.7041346582132,1501496332730
1.6708527,8.200882,2.297058,23.54529921,87.29226535,1.35,77.7041346582132,1501496332749
-0.952713,10.595383,-2.1831665,23.54529921,87.29226535,1.35,77.7041346582132,1501496332769
-0.39338684,7.781845,4.0184174,23.54529921,87.29226535,1.35,73.6883608734489,1501496332788
-1.2242279,10.875977,-3.2596893,23.54529921,87.29226535,1.35,73.6883608734489,1501496332825
2.017868,8.820267,2.8055573,23.54529921,87.29226535,1.35,73.6883608734489,1501496332849
-1.397644,9.981155,-1.7648773,23.54529921,87.29226535,1.35,73.6883608734489,1501496332863
-0.05281067,8.157242,-3.6617126,23.54529921,87.29226535,1.35,73.6883608734489,1501496332879
1.1379547,7.9010773,3.218628,23.54529921,87.29226535,1.35,73.6883608734489,1501496332899
-2.7330017,11.375092,0.25558472,23.54529921,87.29226535,1.35,73.6883608734489,1501496332917
2.025879,9.48822,3.0527802,23.54529921,87.29226535,1.35,73.6883608734489,1501496332938
-1.2604218,12.722336,-7.2236786,23.54529921,87.29226535,1.35,73.6883608734489,1501496332960
-1.0611877,8.17215,12.496613,23.54529921,87.29226535,1.35,73.6883608734489,1501496332976
-1.6495819,8.040985,-11.518387,23.54529921,87.29226535,1.35,73.6883608734489,1501496332991
5.337509,3.789215,-6.5572357,23.54529921,87.29226535,1.35,73.6883608734489,1501496333011
0.8760071,9.662888,8.657486,23.54529921,87.29226535,1.35,73.6883608734489,1501496333030
-7.0725403,13.170303,1.1509552,23.54529921,87.29226535,1.35,73.6883608734489,1501496333049
1.8521576,11.278671,9.263672,23.54529238,87.29225342,2.17,73.6883608734489,1501496333073
1.0022888,7.1458282,-15.976715,23.54529238,87.29225342,2.17,73.6883608734489,1501496333089
5.354019,7.377838,20.880981,23.54529238,87.29225342,2.17,73.6883608734489,1501496333108
-1.554596,10.658264,7.187134,23.54529238,87.29225342,2.17,73.6883608734489,1501496333144
0.8058624,13.633728,-0.89489746,23.54529238,87.29225342,2.17,73.6883608734489,1501496333165
0.6862793,13.608978,-0.696167,23.54529238,87.29225342,2.17,73.6883608734489,1501496333180
0.21690369,5.2401886,-12.434769,23.54529238,87.29225342,2.17,73.6883608734489,1501496333198
4.3370514,0.7755432,-3.5587006,23.54529238,87.29225342,2.17,73.6883608734489,1501496333217
4.8371124,6.4903717,14.5481415,23.54529238,87.29225342,2.17,73.6883608734489,1501496333236
-5.518173,15.794037,-3.927475,23.54529238,87.29225342,2.17,76.513478975824,1501496333260
3.7511292,15.59758,-2.1991882,23.54529238,87.29225342,2.17,76.513478975824,1501496333275
-1.155014,8.520935,2.649414,23.54529238,87.29225342,2.17,76.513478975824,1501496333295
-1.8127747,6.5540314,0.5176697,23.54529238,87.29225342,2.17,76.513478975824,1501496333313
6.129654,5.4890747,11.711273,23.54529238,87.29225342,2.17,76.513478975824,1501496333332
-0.017288208,10.020462,-10.944168,23.54529238,87.29225342,2.17,76.513478975824,1501496333349
-1.5803986,14.696045,3.6753845,23.54529238,87.29225342,2.17,76.513478975824,1501496333368
-2.02771,11.101608,-6.6558228,23.54529238,87.29225342,2.17,76.513478975824,1501496333387
3.605072,5.9159546,4.2598724,23.54529238,87.29225342,2.17,76.513478975824,1501496333411
1.7688599,5.8299103,0.007598877,23.54529238,87.29225342,2.17,76.513478975824,1501496333444
-0.6794281,6.4204254,-0.14524841,23.54529238,87.29225342,2.17,76.513478975824,1501496333462
1.2789001,10.391785,-8.980957,23.54529238,87.29225342,2.17,76.513478975824,1501496333480
2.850647,9.955338,8.934952,23.54529238,87.29225342,2.17,76.513478975824,1501496333499
-4.046463,9.924332,-6.9876556,23.54529238,87.29225342,2.17,76.513478975824,1501496333518
3.1117554,8.909714,7.5768433,23.54529238,87.29225342,2.17,76.513478975824,1501496333537
-2.3529663,12.429413,5.219803,23.54529238,87.29225342,2.17,76.513478975824,1501496333562
2.0080261,10.392517,6.165283,23.54529238,87.29225342,2.17,76.513478975824,1501496333584
2.59169,11.448624,1.1976166,23.54529238,87.29225342,2.17,76.513478975824,1501496333596
-1.5489807,9.365845,-1.9655304,23.54529238,87.29225342,2.17,76.513478975824,1501496333611
0.54322815,7.999893,-0.82196045,23.54529238,87.29225342,2.17,76.513478975824,1501496333630
0.08784485,8.646133,-12.63266,23.54529238,87.29225342,2.17,76.513478975824,1501496333650
2.7787018,9.039276,-1.8157043,23.54529238,87.29225342,2.17,76.513478975824,1501496333668
2.2191315,8.379044,-5.5157776,23.54529238,87.29225342,2.17,76.513478975824,1501496333686
0.07380676,6.0617523,-7.072235,23.54529238,87.29225342,2.17,76.513478975824,1501496333705
-0.39349365,9.628204,27.547058,23.54529238,87.29225342,2.17,76.3459015344601,1501496333728
-4.3713226,8.849442,-1.5689545,23.54529238,87.29225342,2.17,76.3459015344601,1501496333763
6.208069,14.242477,11.534622,23.54529238,87.29225342,2.17,76.3459015344601,1501496333785
-1.922409,9.743271,-9.386337,23.54529238,87.29225342,2.17,76.3459015344601,1501496333801
0.26971436,11.94046,-1.8251343,23.54529238,87.29225342,2.17,76.3459015344601,1501496333818
2.766327,10.541473,-4.5669403,23.54529238,87.29225342,2.17,76.3459015344601,1501496333837
-0.002029419,6.0905304,13.205078,23.54529238,87.29225342,2.17,76.3459015344601,1501496333856
-1.0814209,10.551773,-6.7076874,23.54529238,87.29225342,2.17,76.3459015344601,1501496333882
4.9414825,11.4049835,-0.028121948,23.54529238,87.29225342,2.17,76.3459015344601,1501496333902
1.7581329,8.036346,-2.6111145,23.54529238,87.29225342,2.17,76.3459015344601,1501496333916
-4.88678,9.411377,0.71569824,23.54529238,87.29225342,2.17,76.3459015344601,1501496333930
0.08181763,8.571182,16.962967,23.54529238,87.29225342,2.17,76.3459015344601,1501496333949
0.017593384,10.8454895,-7.1858826,23.54529238,87.29225342,2.17,76.3459015344601,1501496333969
-1.5693817,11.203949,2.9871674,23.54529238,87.29225342,2.17,76.3459015344601,1501496333987
2.616211,7.7990265,10.024704,23.54529238,87.29225342,2.17,76.3459015344601,1501496334008
0.22758484,6.388397,7.5214844,23.54529238,87.29225342,2.17,76.3459015344601,1501496334026
-2.0219727,11.430527,-16.747711,23.54529238,87.29225342,2.17,76.3459015344601,1501496334045
5.1022186,9.743347,-7.4373016,23.54527417,87.29223515,2.51,76.3459015344601,1501496334080
-0.723114,6.9241486,-5.3310394,23.54527417,87.29223515,2.51,76.3459015344601,1501496334098
-4.0124664,7.43985,4.944397,23.54527417,87.29223515,2.51,76.3459015344601,1501496334117
-0.77323914,10.579819,13.315796,23.54527417,87.29223515,2.51,76.3459015344601,1501496334136
3.167511,13.920853,-3.195343,23.54527417,87.29223515,2.51,76.3459015344601,1501496334157
1.9926758,8.856552,-2.2231293,23.54527417,87.29223515,2.51,76.3459015344601,1501496334178
-3.270691,3.8321533,-8.095261,23.54527417,87.29223515,2.51,76.3459015344601,1501496334195
7.159088,8.372574,27.929901,23.54527417,87.29223515,2.51,77.8303707336669,1501496334213
-3.3487244,11.179031,11.813477,23.54527417,87.29223515,2.51,77.8303707336669,1501496334230
-2.5119019,12.780792,-6.402588,23.54527417,87.29223515,2.51,77.8303707336669,1501496334249
3.6266937,10.290237,-7.703232,23.54527417,87.29223515,2.51,77.8303707336669,1501496334269
3.5658722,6.9657135,-15.526703,23.54527417,87.29223515,2.51,77.8303707336669,1501496334287
1.478714,4.1563263,6.3238983,23.54527417,87.29223515,2.51,77.8303707336669,1501496334307
-2.9888763,5.236389,-1.8397522,23.54527417,87.29223515,2.51,77.8303707336669,1501496334331
-0.48277283,11.179596,8.670212,23.54527417,87.29223515,2.51,77.8303707336669,1501496334352
-1.905777,16.495773,-12.58609,23.54527417,87.29223515,2.51,77.8303707336669,1501496334381
4.528122,15.237717,1.756958,23.54527417,87.29223515,2.51,77.8303707336669,1501496334401
0.13731384,7.0869904,10.334061,23.54527417,87.29223515,2.51,77.8303707336669,1501496334419
-1.7761841,3.1221619,19.13765,23.54527417,87.29223515,2.51,77.8303707336669,1501496334437
4.424652,8.013504,-10.243622,23.54527417,87.29223515,2.51,77.8303707336669,1501496334456
-0.3965149,13.189255,3.1437073,23.54527417,87.29223515,2.51,77.8303707336669,1501496334481
-3.386551,9.743271,-9.488281,23.54527417,87.29223515,2.51,77.8303707336669,1501496334499
2.4283295,5.7801056,4.556137,23.54527417,87.29223515,2.51,77.8303707336669,1501496334514
0.18406677,9.4599,-1.5661316,23.54527417,87.29223515,2.51,77.8303707336669,1501496334531
3.0345612,13.874283,-4.1362305,23.54527417,87.29223515,2.51,77.8303707336669,1501496334550
2.9082184,15.164764,-4.0530396,23.54527417,87.29223515,2.51,77.8303707336669,1501496334568
-1.4144592,9.749588,5.5014496,23.54527417,87.29223515,2.51,77.8303707336669,1501496334587
-1.0868988,3.5790253,14.891327,23.54527417,87.29223515,2.51,77.8303707336669,1501496334607
2.6532898,5.251541,20.738129,23.54527417,87.29223515,2.51,77.8303707336669,1501496334626
-4.878586,9.472824,-9.773697,23.54527417,87.29223515,2.51,77.8303707336669,1501496334651
3.152176,11.516754,-8.364532,23.54527417,87.29223515,2.51,77.8303707336669,1501496334667
6.454605,8.145584,-13.15506,23.54527417,87.29223515,2.51,80.7326504818037,1501496334699
-0.6026001,6.1865997,14.327728,23.54527417,87.29223515,2.51,80.7326504818037,1501496334720
-4.1808014,7.5747375,1.8323364,23.54527417,87.29223515,2.51,80.7326504818037,1501496334739
-1.4044495,9.97084,8.21254,23.54527417,87.29223515,2.51,80.7326504818037,1501496334758
-1.6488495,10.395493,-16.539383,23.54527417,87.29223515,2.51,80.7326504818037,1501496334777
3.0559235,7.1441345,6.2551727,23.54527417,87.29223515,2.51,80.7326504818037,1501496334801
1.7029572,5.2823334,-3.4445038,23.54527417,87.29223515,2.51,80.7326504818037,1501496334816
1.0352783,9.428955,16.38765,23.54527417,87.29223515,2.51,80.7326504818037,1501496334833
-2.0097198,12.284744,-1.4290619,23.54527417,87.29223515,2.51,80.7326504818037,1501496334850
-3.411026,11.594574,1.3886414,23.54527417,87.29223515,2.51,80.7326504818037,1501496334870
4.5033417,9.3526,-2.5522003,23.54527417,87.29223515,2.51,80.7326504818037,1501496334889
3.741516,9.554367,4.9927673,23.54527417,87.29223515,2.51,80.7326504818037,1501496334906
-0.90838623,10.987991,-11.292053,23.54527417,87.29223515,2.51,80.7326504818037,1501496334926
2.5518646,11.868164,5.535919,23.54527417,87.29223515,2.51,80.7326504818037,1501496334951
-1.9973145,10.853622,-2.2727356,23.54527417,87.29223515,2.51,80.7326504818037,1501496334969
-0.30413818,9.860245,5.2303467,23.54527417,87.29223515,2.51,80.7326504818037,1501496334984
1.5149384,9.600113,3.4515686,23.54527417,87.29223515,2.51,80.7326504818037,1501496335020
-0.49757385,8.929535,-3.0320282,23.54527417,87.29223515,2.51,80.7326504818037,1501496335043
2.5817566,6.7144165,1.5929108,23.54527417,87.29223515,2.51,80.7326504818037,1501496335060
0.8450775,7.847412,9.247116,23.54525503,87.29222064,2.08,80.7326504818037,1501496335081
-2.5261078,10.11998,1.8805084,23.54525503,87.29222064,2.08,80.7326504818037,1501496335096
1.1147766,10.188049,-3.0213013,23.54525503,87.29222064,2.08,80.7326504818037,1501496335115
1.0433655,7.6513824,-0.5097809,23.54525503,87.29222064,2.08,80.7326504818037,1501496335132
-0.8366852,6.0998535,4.9982452,23.54525503,87.29222064,2.08,80.7326504818037,1501496335151
1.3447113,7.509735,3.4692535,23.54525503,87.29222064,2.08,80.7326504818037,1501496335169
1.3044891,8.603027,0.6798401,23.54525503,87.29222064,2.08,77.3646182397513,1501496335189
-2.3142853,9.032135,2.1615448,23.54525503,87.29222064,2.08,77.3646182397513,1501496335207
1.1614838,8.203598,-0.48538208,23.54525503,87.29222064,2.08,77.3646182397513,1501496335227
4.98349,9.525101,0.9357147,23.54525503,87.29222064,2.08,77.3646182397513,1501496335251
-3.31456,12.3702545,-2.4053802,23.54525503,87.29222064,2.08,77.3646182397513,1501496335266
-1.2656097,13.723511,2.1889038,23.54525503,87.29222064,2.08,77.3646182397513,1501496335283
4.008377,10.118378,1.7336731,23.54525503,87.29222064,2.08,77.3646182397513,1501496335301
0.1642456,8.649307,4.2278748,23.54525503,87.29222064,2.08,77.3646182397513,1501496335340
-1.8479614,10.402252,-9.860352,23.54525503,87.29222064,2.08,77.3646182397513,1501496335359
4.504532,8.83725,3.7374268,23.54525503,87.29222064,2.08,77.3646182397513,1501496335376
-0.4440155,9.101669,-3.5565186,23.54525503,87.29222064,2.08,77.3646182397513,1501496335397
0.27070618,7.988159,8.450653,23.54525503,87.29222064,2.08,77.3646182397513,1501496335421
-2.355362,10.220551,-0.57203674,23.54525503,87.29222064,2.08,77.3646182397513,1501496335437
-0.6976166,10.897018,2.6412048,23.54525503,87.29222064,2.08,77.3646182397513,1501496335452
1.0916748,10.534805,-1.3879242,23.54525503,87.29222064,2.08,77.3646182397513,1501496335469
1.8397064,7.867996,5.8533783,23.54525503,87.29222064,2.08,77.3646182397513,1501496335488
-0.98265076,8.3428955,-1.5913696,23.54525503,87.29222064,2.08,77.3646182397513,1501496335509
0.36592102,10.38797,5.550461,23.54525503,87.29222064,2.08,77.3646182397513,1501496335527
-0.17263794,10.362839,-1.6699371,23.54525503,87.29222064,2.08,77.3646182397513,1501496335545
0.44465637,9.053162,-0.28102112,23.54525503,87.29222064,2.08,77.3646182397513,1501496335570
1.8687592,8.655823,8.414673,23.54525503,87.29222064,2.08,77.3646182397513,1501496335589
-2.767105,10.808441,5.2762756,23.54525503,87.29222064,2.08,77.3646182397513,1501496335607
-1.2497406,10.831772,-11.849869,23.54525503,87.29222064,2.08,76.6791078182207,1501496335638
5.4106903,8.480896,4.344528,23.54525503,87.29222064,2.08,76.6791078182207,1501496335658
-1.8638763,7.4684906,-7.673126,23.54525503,87.29222064,2.08,76.6791078182207,1501496335677
-0.5368805,7.662979,4.340332,23.54525503,87.29222064,2.08,76.6791078182207,1501496335696
1.1358643,5.886917,-10.81369,23.54525503,87.29222064,2.08,76.6791078182207,1501496335720
0.9897461,9.688812,10.431534,23.54525503,87.29222064,2.08,76.6791078182207,1501496335739
-4.191513,10.311264,-2.5344543,23.54525503,87.29222064,2.08,76.6791078182207,1501496335756
1.5512085,11.001358,5.9282074,23.54525503,87.29222064,2.08,76.6791078182207,1501496335771
-0.03352356,6.2926636,-1.5447693,23.54525503,87.29222064,2.08,76.6791078182207,1501496335789
0.6503296,5.944702,-0.18734741,23.54525503,87.29222064,2.08,76.6791078182207,1501496335807
1.4491425,9.676178,6.2088623,23.54525503,87.29222064,2.08,76.6791078182207,1501496335826
1.5578766,10.967041,1.3931732,23.54525503,87.29222064,2.08,76.6791078182207,1501496335846
0.20439148,11.606857,-3.501587,23.54525503,87.29222064,2.08,76.6791078182207,1501496335869
-1.427124,11.428497,6.4566345,23.54525503,87.29222064,2.08,76.6791078182207,1501496335886
-0.55574036,10.688507,3.7785797,23.54525503,87.29222064,2.08,76.6791078182207,1501496335903
1.8697357,10.931946,8.497528,23.54525503,87.29222064,2.08,76.6791078182207,1501496335921
-0.5185394,11.115143,-6.425461,23.54525503,87.29222064,2.08,76.6791078182207,1501496335960
2.0421906,7.680008,-3.0234222,23.54525503,87.29222064,2.08,76.6791078182207,1501496335978
-1.028244,8.649628,0.36553955,23.54525503,87.29222064,2.08,76.6791078182207,1501496335996
-0.17271423,10.442474,0.173172,23.54525503,87.29222064,2.08,76.6791078182207,1501496336013
-1.4577026,11.34169,2.6814117,23.54525503,87.29222064,2.08,76.6791078182207,1501496336034
-0.37911987,8.851578,-1.3651581,23.54525503,87.29222064,2.08,76.6791078182207,1501496336058
2.8741302,7.8022614,4.1224213,23.54525503,87.29222064,2.08,76.6791078182207,1501496336073
-0.5401459,8.599304,4.243408,23.54523909,87.29221107,1.85,76.6791078182207,1501496336088
-1.8718109,9.201431,-1.2155762,23.54523909,87.29221107,1.85,76.6791078182207,1501496336107
3.350235,8.755249,-4.5852356,23.54523909,87.29221107,1.85,76.6791078182207,1501496336127
1.3663788,9.86795,7.702881,23.54523909,87.29221107,1.85,78.476761356024,1501496336145
-6.4851074,9.887939,-1.9533081,23.54523909,87.29221107,1.85,78.476761356024,1501496336163
1.535553,8.8719635,9.038986,23.54523909,87.29221107,1.85,78.476761356024,1501496336192
1.438736,8.858551,-4.6276855,23.54523909,87.29221107,1.85,78.476761356024,1501496336206
0.29345703,9.850327,5.5600433,23.54523909,87.29221107,1.85,78.476761356024,1501496336222
-1.8750305,12.29007,-6.306778,23.54523909,87.29221107,1.85,78.476761356024,1501496336239
2.2710419,11.676849,1.8812408,23.54523909,87.29221107,1.85,78.476761356024,1501496336278
1.3960724,9.098038,8.619308,23.54523909,87.29221107,1.85,78.476761356024,1501496336299
-2.3533783,10.908264,7.42511,23.54523909,87.29221107,1.85,78.476761356024,1501496336315
-0.7389374,10.5551605,-0.30978394,23.54523909,87.29221107,1.85,78.476761356024,1501496336335
-1.1208038,10.193665,-6.8588867,23.54523909,87.29221107,1.85,78.476761356024,1501496336353
0.90522766,8.079758,7.463272,23.54523909,87.29221107,1.85,78.476761356024,1501496336370
-2.7373962,7.316025,0.41105652,23.54523909,87.29221107,1.85,78.476761356024,1501496336389
0.8655853,4.561386,9.453522,23.54523909,87.29221107,1.85,78.476761356024,1501496336409
0.39916992,5.7302856,-9.949661,23.54523909,87.29221107,1.85,78.476761356024,1501496336428
2.567093,5.883789,1.0125275,23.54523909,87.29221107,1.85,78.476761356024,1501496336445
-1.6351318,8.554306,-6.8293304,23.54523909,87.29221107,1.85,78.476761356024,1501496336464
0.89331055,9.894348,9.737396,23.54523909,87.29221107,1.85,78.476761356024,1501496336489
-5.078018,11.000336,-0.5562439,23.54523909,87.29221107,1.85,78.476761356024,1501496336507
-1.5875397,10.906876,12.533905,23.54523909,87.29221107,1.85,78.476761356024,1501496336526
1.5824585,7.963196,-1.3784637,23.54523909,87.29221107,1.85,78.476761356024,1501496336542
4.095154,9.989868,2.015747,23.54523909,87.29221107,1.85,78.476761356024,1501496336557
-0.19174194,10.532898,-0.9148102,23.54523909,87.29221107,1.85,78.476761356024,1501496336598
-1.7834473,10.591507,-6.0255737,23.54523909,87.29221107,1.85,78.476761356024,1501496336615
1.8104401,12.348648,-7.0193024,23.54523909,87.29221107,1.85,77.1736962931619,1501496336639
1.1043854,13.02121,-0.9561615,23.54523909,87.29221107,1.85,77.1736962931619,1501496336655
-0.94281006,11.564255,-4.6119995,23.54523909,87.29221107,1.85,77.1736962931619,1501496336673
3.9246826,11.291473,8.802216,23.54523909,87.29221107,1.85,77.1736962931619,1501496336690
3.4166565,11.676346,9.470734,23.54523909,87.29221107,1.85,77.1736962931619,1501496336709
-5.3038177,9.160156,-2.0014954,23.54523909,87.29221107,1.85,77.1736962931619,1501496336729
0.18675232,7.8888702,7.102173,23.54523909,87.29221107,1.85,77.1736962931619,1501496336746
2.3632507,6.521469,-1.7181396,23.54523909,87.29221107,1.85,77.1736962931619,1501496336763
-0.7896271,7.3231506,2.6129913,23.54523909,87.29221107,1.85,77.1736962931619,1501496336783
-3.2011871,8.409714,-0.93756104,23.54523909,87.29221107,1.85,77.1736962931619,1501496336808
1.0317993,8.198532,3.6921997,23.54523909,87.29221107,1.85,77.1736962931619,1501496336823
-1.8703308,8.350327,2.073288,23.54523909,87.29221107,1.85,77.1736962931619,1501496336841
-0.29841614,8.850861,1.0669708,23.54523909,87.29221107,1.85,77.1736962931619,1501496336857
4.2849884,7.0072937,-3.3143005,23.54523909,87.29221107,1.85,77.1736962931619,1501496336900
0.54599,7.361038,1.503128,23.54523909,87.29221107,1.85,77.1736962931619,1501496336915
-4.2263794,9.00145,0.99191284,23.54523909,87.29221107,1.85,77.1736962931619,1501496336933
-1.196518,10.95105,-2.1557922,23.54523909,87.29221107,1.85,77.1736962931619,1501496336953
1.21521,10.924225,-2.9882202,23.54523909,87.29221107,1.85,77.1736962931619,1501496336972
0.472229,9.012146,-0.7340088,23.54523909,87.29221107,1.85,77.1736962931619,1501496336990
1.8607788,8.8581085,5.6351776,23.54523909,87.29221107,1.85,77.1736962931619,1501496337010
0.82299805,10.487442,-5.258148,23.54523909,87.29221107,1.85,77.1736962931619,1501496337029
-0.5799408,14.50209,1.6897736,23.54523909,87.29221107,1.85,77.1736962931619,1501496337047
-1.1785583,13.51297,-5.4450226,23.54523909,87.29221107,1.85,77.1736962931619,1501496337066
2.5592194,10.224472,5.4130554,23.54522493,87.2922027,1.3,75.9732087856372,1501496337085
0.15814209,8.796692,5.9490814,23.54522493,87.2922027,1.3,75.9732087856372,1501496337103
-1.5430908,9.34111,0.555954,23.54522493,87.2922027,1.3,75.9732087856372,1501496337124
3.6836853,9.6028595,2.1046906,23.54522493,87.2922027,1.3,75.9732087856372,1501496337141
0.24595642,7.823593,-1.5710907,23.54522493,87.2922027,1.3,75.9732087856372,1501496337160
-2.290268,4.858597,4.11705,23.54522493,87.2922027,1.3,75.9732087856372,1501496337178
1.4687653,5.9936676,4.2461243,23.54522493,87.2922027,1.3,75.9732087856372,1501496337217
1.2241516,7.204712,-3.3678741,23.54522493,87.2922027,1.3,75.9732087856372,1501496337235
-0.742157,10.727951,0.23843384,23.54522493,87.2922027,1.3,75.9732087856372,1501496337258
-0.5029297,11.190964,3.256607,23.54522493,87.2922027,1.3,75.9732087856372,1501496337273
3.3560486,8.243286,7.312607,23.54522493,87.2922027,1.3,75.9732087856372,1501496337289
0.9952545,6.725113,13.784897,23.54522493,87.2922027,1.3,75.9732087856372,1501496337308
0.12159729,7.738922,4.1776733,23.54522493,87.2922027,1.3,75.9732087856372,1501496337327
4.852066,7.654541,-3.6267548,23.54522493,87.2922027,1.3,75.9732087856372,1501496337347
-0.2635498,9.663971,-7.3532104,23.54522493,87.2922027,1.3,75.9732087856372,1501496337365
-0.41329956,10.315903,-5.930588,23.54522493,87.2922027,1.3,75.9732087856372,1501496337384
4.4950867,8.827225,-5.126297,23.54522493,87.2922027,1.3,75.9732087856372,1501496337405
1.3905945,9.823242,0.5475464,23.54522493,87.2922027,1.3,75.9732087856372,1501496337426
1.4801636,11.3390045,3.0034943,23.54522493,87.2922027,1.3,75.9732087856372,1501496337445
5.123474,10.8207245,-1.0162964,23.54522493,87.2922027,1.3,75.9732087856372,1501496337459
-3.7501373,9.88501,9.951416,23.54522493,87.2922027,1.3,75.9732087856372,1501496337477
-7.278488,9.754669,-8.12236,23.54522493,87.2922027,1.3,75.9732087856372,1501496337497
5.4822845,7.691818,5.4004517,23.54522493,87.2922027,1.3,75.9732087856372,1501496337536
0.44218445,9.737793,-4.969879,23.54522493,87.2922027,1.3,75.9732087856372,1501496337553
-3.6101685,9.9207,5.3874054,23.54522493,87.2922027,1.3,78.3869237305721,1501496337574
4.103592,9.708313,6.422592,23.54522493,87.2922027,1.3,78.3869237305721,1501496337594
1.5274658,10.259491,5.201889,23.54522493,87.2922027,1.3,78.3869237305721,1501496337611
-2.7118225,9.486557,6.171585,23.54522493,87.2922027,1.3,78.3869237305721,1501496337628
0.7268219,8.495361,3.3866577,23.54522493,87.2922027,1.3,78.3869237305721,1501496337646
1.1066437,8.597809,1.6980133,23.54522493,87.2922027,1.3,78.3869237305721,1501496337666
-1.0945129,10.092392,-2.7436676,23.54522493,87.2922027,1.3,78.3869237305721,1501496337685
-0.097839355,10.2211,-1.7013245,23.54522493,87.2922027,1.3,78.3869237305721,1501496337702
1.8498383,8.266281,5.4371185,23.54522493,87.2922027,1.3,78.3869237305721,1501496337726
-0.66856384,7.835388,4.0312195,23.54522493,87.2922027,1.3,78.3869237305721,1501496337744
0.4347992,9.590637,4.4684753,23.54522493,87.2922027,1.3,78.3869237305721,1501496337759
1.0519104,10.19426,-2.193924,23.54522493,87.2922027,1.3,78.3869237305721,1501496337778
-0.29431152,8.866455,-1.8318176,23.54522493,87.2922027,1.3,78.3869237305721,1501496337797
1.1816254,8.114212,6.0504913,23.54522493,87.2922027,1.3,78.3869237305721,1501496337816
-3.0045776,9.909912,8.127441,23.54522493,87.2922027,1.3,78.3869237305721,1501496337854
-1.1809845,11.506531,-0.24768066,23.54522493,87.2922027,1.3,78.3869237305721,1501496337881
4.1870728,11.405106,2.4827576,23.54522493,87.2922027,1.3,78.3869237305721,1501496337897
-2.375122,9.138321,2.0959473,23.54522493,87.2922027,1.3,78.3869237305721,1501496337913
-0.049423218,8.239243,5.6996,23.54522493,87.2922027,1.3,78.3869237305721,1501496337929
1.7037506,9.39917,-1.181488,23.54522493,87.2922027,1.3,78.3869237305721,1501496337946
0.4948883,9.492966,0.5084076,23.54522493,87.2922027,1.3,78.3869237305721,1501496337965
-1.1461334,8.763916,-3.013626,23.54522493,87.2922027,1.3,78.3869237305721,1501496337984
1.8395386,7.444748,4.04393,23.54522493,87.2922027,1.3,78.3869237305721,1501496338004
-0.13397217,8.023682,0.90071106,23.54522493,87.2922027,1.3,78.3869237305721,1501496338024
-0.36383057,9.853622,2.0489807,23.54522493,87.2922027,1.3,79.6765266831484,1501496338043
0.36097717,10.591232,-0.22671509,23.54522493,87.2922027,1.3,79.6765266831484,1501496338060
-0.33213806,8.403549,-1.1221771,23.54521677,87.29219983,0.69,79.6765266831484,1501496338105
-0.35624695,7.989792,-0.62190247,23.54521677,87.29219983,0.69,79.6765266831484,1501496338105
-0.29985046,8.55513,0.1342926,23.54521677,87.29219983,0.69,79.6765266831484,1501496338129
0.22984314,10.80365,-0.38305664,23.54521677,87.29219983,0.69,79.6765266831484,1501496338150
0.59103394,10.45549,0.3728485,23.54521677,87.29219983,0.69,79.6765266831484,1501496338164
-0.8509369,7.883316,1.0567322,23.54521677,87.29219983,0.69,79.6765266831484,1501496338181
1.2389374,8.274506,3.8916016,23.54521677,87.29219983,0.69,79.6765266831484,1501496338198
2.5390778,10.696075,4.125458,23.54521677,87.29219983,0.69,79.6765266831484,1501496338232
2.1229248,10.586243,3.4287567,23.54521677,87.29219983,0.69,79.6765266831484,1501496338253
-0.09185791,9.091507,1.8860474,23.54521677,87.29219983,0.69,79.6765266831484,1501496338272
-0.39334106,8.112274,4.8004,23.54521677,87.29219983,0.69,79.6765266831484,1501496338288
-0.11003113,9.584702,1.041626,23.54521677,87.29219983,0.69,79.6765266831484,1501496338310
0.248703,10.475281,-0.14466858,23.54521677,87.29219983,0.69,79.6765266831484,1501496338334
-1.0337219,9.371445,3.6567078,23.54521677,87.29219983,0.69,79.6765266831484,1501496338348
-0.48361206,8.032227,4.6430664,23.54521677,87.29219983,0.69,79.6765266831484,1501496338363
0.6462097,8.80278,3.197525,23.54521677,87.29219983,0.69,79.6765266831484,1501496338381
0.51556396,10.209351,0.04711914,23.54521677,87.29219983,0.69,79.6765266831484,1501496338402
1.5128937,9.167007,2.491867,23.54521677,87.29219983,0.69,79.6765266831484,1501496338420
-0.29942322,8.300842,3.7874603,23.54521677,87.29219983,0.69,79.6765266831484,1501496338440
0.91444397,8.623489,4.1759033,23.54521677,87.29219983,0.69,79.6765266831484,1501496338461
0.9874115,9.698929,0.98495483,23.54521677,87.29219983,0.69,79.6765266831484,1501496338476
1.1310425,8.849213,1.9991913,23.54521677,87.29219983,0.69,79.6765266831484,1501496338495
1.3249359,8.474091,3.6633759,23.54521677,87.29219983,0.69,79.6765266831484,1501496338515
0.28100586,8.812515,2.1772308,23.54521677,87.29219983,0.69,82.1224599025666,1501496338552
1.0935364,9.805298,2.411972,23.54521677,87.29219983,0.69,82.1224599025666,1501496338572
0.7811432,9.717148,1.0720215,23.54521677,87.29219983,0.69,82.1224599025666,1501496338589
1.1661987,8.289154,2.7390137,23.54521677,87.29219983,0.69,82.1224599025666,1501496338607
0.1786499,8.847046,2.5576477,23.54521677,87.29219983,0.69,82.1224599025666,1501496338628
0.96980286,9.774673,0.7019348,23.54521677,87.29219983,0.69,82.1224599025666,1501496338652
0.4111023,9.604889,-0.35282898,23.54521677,87.29219983,0.69,82.1224599025666,1501496338663
1.0506134,8.681351,0.41989136,23.54521677,87.29219983,0.69,82.1224599025666,1501496338682
1.6080017,9.328339,0.9155884,23.54521677,87.29219983,0.69,82.1224599025666,1501496338701
0.19837952,9.658585,-0.04397583,23.54521677,87.29219983,0.69,82.1224599025666,1501496338720
1.0515594,9.476364,1.2067413,23.54521677,87.29219983,0.69,82.1224599025666,1501496338739
0.5267792,9.282364,1.879364,23.54521677,87.29219983,0.69,82.1224599025666,1501496338757
0.6236267,9.01178,1.4275513,23.54521677,87.29219983,0.69,82.1224599025666,1501496338779
0.43629456,9.632965,0.2392273,23.54521677,87.29219983,0.69,82.1224599025666,1501496338795
0.739151,9.275635,0.4076538,23.54521677,87.29219983,0.69,82.1224599025666,1501496338813
1.0697937,9.080566,0.41929626,23.54521677,87.29219983,0.69,82.1224599025666,1501496338851
0.36853027,9.716583,1.3675079,23.54521677,87.29219983,0.69,82.1224599025666,1501496338872
1.2570038,9.39241,0.4724121,23.54521677,87.29219983,0.69,82.1224599025666,1501496338894
0.3961029,9.502533,0.514328,23.54521677,87.29219983,0.69,82.1224599025666,1501496338907
0.791626,9.268082,1.5234222,23.54521677,87.29219983,0.69,82.1224599025666,1501496338927
0.7430725,9.302597,1.1844788,23.54521677,87.29219983,0.69,82.1224599025666,1501496338945
0.39068604,9.282028,0.51039124,23.54521677,87.29219983,0.69,82.1224599025666,1501496338968
0.7168579,9.368042,0.24964905,23.54521677,87.29219983,0.69,82.1224599025666,1501496338984
0.38531494,9.538116,0.79289246,23.54521677,87.29219983,0.69,82.1224599025666,1501496339000
0.8651428,9.420883,1.5699768,23.54521677,87.29219983,0.69,77.5950081115375,1501496339020
0.22709656,9.525711,0.5664673,23.54521677,87.29219983,0.69,77.5950081115375,1501496339043
0.33200073,9.363892,0.68058777,23.54521677,87.29219983,0.69,77.5950081115375,1501496339057
0.21376038,9.239975,0.7351074,23.54521677,87.29219983,0.69,77.5950081115375,1501496339077
0.24380493,9.083847,1.0376434,23.54521677,87.29219983,0.69,77.5950081115375,1501496339099
0.6826019,9.3741,0.6817322,23.54520642,87.29219822,1.34,77.5950081115375,1501496339114
0.0013885498,10.103882,0.75920105,23.54520642,87.29219822,1.34,77.5950081115375,1501496339132
0.85414124,9.428268,0.94270325,23.54520642,87.29219822,1.34,77.5950081115375,1501496339171
-0.113220215,9.388306,0.35443115,23.54520642,87.29219822,1.34,77.5950081115375,1501496339190
0.16108704,9.252823,0.47805786,23.54520642,87.29219822,1.34,77.5950081115375,1501496339208
0.6875305,9.142853,1.2909241,23.54520642,87.29219822,1.34,77.5950081115375,1501496339232
-0.011993408,9.574402,0.77789307,23.54520642,87.29219822,1.34,77.5950081115375,1501496339247
0.5061035,9.597641,1.1612549,23.54520642,87.29219822,1.34,77.5950081115375,1501496339265
0.20703125,9.275482,0.21937561,23.54520642,87.29219822,1.34,77.5950081115375,1501496339284
1.1028442,9.184814,1.8795013,23.54520642,87.29219822,1.34,77.5950081115375,1501496339302
0.09463501,9.543198,1.2651672,23.54520642,87.29219822,1.34,77.5950081115375,1501496339319
0.3658905,9.271851,0.5466156,23.54520642,87.29219822,1.34,77.5950081115375,1501496339339
0.33110046,9.368912,0.23020935,23.54520642,87.29219822,1.34,77.5950081115375,1501496339358
-0.021865845,9.218887,1.041275,23.54520642,87.29219822,1.34,77.5950081115375,1501496339385
0.58758545,9.225281,1.3440857,23.54520642,87.29219822,1.34,77.5950081115375,1501496339401
-0.1966095,9.7535095,0.0554657,23.54520642,87.29219822,1.34,77.5950081115375,1501496339416
0.52464294,9.651367,0.96655273,23.54520642,87.29219822,1.34,77.5950081115375,1501496339435
-0.116989136,9.573166,0.49423218,23.54520642,87.29219822,1.34,77.5950081115375,1501496339451
0.14654541,9.125366,1.3591156,23.54520642,87.29219822,1.34,76.8036519004196,1501496339491
0.13871765,9.400009,0.5812378,23.54520642,87.29219822,1.34,76.8036519004196,1501496339509
-0.19799805,9.658691,-0.061203003,23.54520642,87.29219822,1.34,76.8036519004196,1501496339529
0.5348358,9.3862,1.3441772,23.54520642,87.29219822,1.34,76.8036519004196,1501496339549
-0.022399902,9.336304,0.74757385,23.54520642,87.29219822,1.34,76.8036519004196,1501496339569
0.88438416,9.491211,1.300415,23.54520642,87.29219822,1.34,76.8036519004196,1501496339583
0.36413574,9.775604,1.0862122,23.54520642,87.29219822,1.34,76.8036519004196,1501496339601
0.50068665,9.010361,0.5487671,23.54520642,87.29219822,1.34,76.8036519004196,1501496339621
0.5355377,9.070221,0.6248779,23.54520642,87.29219822,1.34,76.8036519004196,1501496339639
0.35832214,9.337662,0.92655945,23.54520642,87.29219822,1.34,76.8036519004196,1501496339659
0.966095,9.404724,1.2162933,23.54520642,87.29219822,1.34,76.8036519004196,1501496339678
0.143219,9.698395,0.39855957,23.54520642,87.29219822,1.34,76.8036519004196,1501496339697
1.0054474,9.370987,1.0576477,23.54520642,87.29219822,1.34,76.8036519004196,1501496339718
0.373703,9.403854,0.68325806,23.54520642,87.29219822,1.34,76.8036519004196,1501496339735
0.6591797,9.098053,1.342514,23.54520642,87.29219822,1.34,76.8036519004196,1501496339755
0.4440155,9.011017,0.738678,23.54520642,87.29219822,1.34,76.8036519004196,1501496339771
-0.047027588,9.677841,-0.0665741,23.54520642,87.29219822,1.34,76.8036519004196,1501496339808
1.0064697,9.516403,1.5831299,23.54520642,87.29219822,1.34,76.8036519004196,1501496339829
0.14013672,9.390442,0.6353607,23.54520642,87.29219822,1.34,76.8036519004196,1501496339854
0.6944275,9.269302,1.229599,23.54520642,87.29219822,1.34,76.8036519004196,1501496339872
0.15104675,9.6835785,1.0171967,23.54520642,87.29219822,1.34,76.8036519004196,1501496339884
0.32531738,9.327164,0.629303,23.54520642,87.29219822,1.34,76.8036519004196,1501496339902
0.35455322,9.030884,0.8159027,23.54520642,87.29219822,1.34,76.8036519004196,1501496339920
-0.09573364,9.258484,0.6169739,23.54520642,87.29219822,1.34,76.8036519004196,1501496339939
0.6642151,9.728973,1.0275879,23.54520642,87.29219822,1.34,76.8036519004196,1501496339961
-0.17156982,9.741043,0.6673279,23.54520642,87.29219822,1.34,73.668981588591,1501496339977
0.6461792,9.201263,1.1236115,23.54520642,87.29219822,1.34,73.668981588591,1501496339999
-0.052581787,9.32016,0.53308105,23.54520642,87.29219822,1.34,73.668981588591,1501496340019
0.00289917,9.307571,0.6296387,23.54520642,87.29219822,1.34,73.668981588591,1501496340033
0.5364227,9.275223,0.6386261,23.54520642,87.29219822,1.34,73.668981588591,1501496340051
-0.4877472,9.784882,0.40925598,23.54520642,87.29219822,1.34,73.668981588591,1501496340070
0.8863983,9.596649,1.953598,23.54520321,87.29219791,0,73.668981588591,1501496340108
-0.19606018,9.348892,0.29014587,23.54520321,87.29219791,0,73.668981588591,1501496340128
-0.0069885254,9.1063385,0.83987427,23.54520321,87.29219791,0,73.668981588591,1501496340145
0.56484985,9.380661,0.6405029,23.54520321,87.29219791,0,73.668981588591,1501496340167
-0.62028503,9.965515,0.05984497,23.54520321,87.29219791,0,73.668981588591,1501496340182
0.13864136,9.410049,1.220108,23.54520321,87.29219791,0,73.668981588591,1501496340203
-0.28829956,9.179153,1.3200684,23.54520321,87.29219791,0,73.668981588591,1501496340220
0.19689941,9.324661,1.3543243,23.54520321,87.29219791,0,73.668981588591,1501496340240
-0.34240723,9.38443,0.79270935,23.54520321,87.29219791,0,73.668981588591,1501496340259
0.05987549,9.541565,-0.10810852,23.54520321,87.29219791,0,73.668981588591,1501496340276
0.6779938,9.513138,0.69906616,23.54520321,87.29219791,0,73.668981588591,1501496340331
-0.21136475,9.522446,0.6593628,23.54520321,87.29219791,0,73.668981588591,1501496340331
0.49110413,9.334015,1.6493988,23.54520321,87.29219791,0,73.668981588591,1501496340353
-0.11064148,9.485474,0.83132935,23.54520321,87.29219791,0,73.668981588591,1501496340353
0.12466431,9.374756,0.52915955,23.54520321,87.29219791,0,73.668981588591,1501496340374
-0.10903931,9.210983,-0.06550598,23.54520321,87.29219791,0,73.668981588591,1501496340388
-0.077056885,9.57486,1.2265472,23.54520321,87.29219791,0,73.668981588591,1501496340426
0.7008362,9.528824,1.500946,23.54520321,87.29219791,0,76.7903974953834,1501496340445
-0.42210388,9.728806,0.41986084,23.54520321,87.29219791,0,76.7903974953834,1501496340464
0.20951843,9.315201,0.70196533,23.54520321,87.29219791,0,76.7903974953834,1501496340496
0.060150146,9.070435,0.98435974,23.54520321,87.29219791,0,76.7903974953834,1501496340504
-0.19348145,9.187546,0.808197,23.54520321,87.29219791,0,76.7903974953834,1501496340530
0.3691101,9.716293,0.7089386,23.54520321,87.29219791,0,76.7903974953834,1501496340540
-0.40901184,9.990158,0.40194702,23.54520321,87.29219791,0,76.7903974953834,1501496340558
0.745636,9.109482,2.060196,23.54520321,87.29219791,0,76.7903974953834,1501496340578
-0.45533752,9.061371,-0.30429077,23.54520321,87.29219791,0,76.7903974953834,1501496340596
-0.32843018,9.563034,0.381958,23.54520321,87.29219791,0,76.7903974953834,1501496340634
0.5369873,9.542435,1.249649,23.54520321,87.29219791,0,76.7903974953834,1501496340636
-0.5217438,9.558228,0.36553955,23.54520321,87.29219791,0,76.7903974953834,1501496340658
0.6772156,9.492493,1.5621948,23.54520321,87.29219791,0,76.7903974953834,1501496340671
-0.011871338,9.323853,0.5171509,23.54520321,87.29219791,0,76.7903974953834,1501496340690
-0.37471008,8.85582,-0.2163086,23.54520321,87.29219791,0,76.7903974953834,1501496340714
0.85494995,9.619263,1.799469,23.54520321,87.29219791,0,76.7903974953834,1501496340749
-0.31523132,9.805237,0.65460205,23.54520321,87.29219791,0,76.7903974953834,1501496340769
0.6990509,9.393555,1.0296326,23.54520321,87.29219791,0,76.7903974953834,1501496340793
-0.14363098,9.218674,1.2752991,23.54520321,87.29219791,0,76.7903974953834,1501496340802
-0.27323914,9.146774,-0.51020813,23.54520321,87.29219791,0,76.7903974953834,1501496340833
0.86639404,9.449066,1.7235413,23.54520321,87.29219791,0,76.7903974953834,1501496340840
-0.24107361,10.005524,0.4860382,23.54520321,87.29219791,0,76.7903974953834,1501496340867
0.52337646,9.386688,0.41682434,23.54520321,87.29219791,0,76.7903974953834,1501496340877
0.057006836,9.028885,2.3029022,23.54520321,87.29219791,0,76.7903974953834,1501496340897
-0.40390015,9.243118,-1.2480927,23.54520321,87.29219791,0,76.7903974953834,1501496340915
0.9700775,9.500931,2.1368713,23.54520321,87.29219791,0,81.7646562611555,1501496340934
-0.016845703,9.833572,0.0912323,23.54520321,87.29219791,0,81.7646562611555,1501496340953
0.26586914,9.409378,0.3672638,23.54520321,87.29219791,0,81.7646562611555,1501496340980
-0.091537476,9.298721,2.3588562,23.54520321,87.29219791,0,81.7646562611555,1501496340991
0.63378906,9.199097,0.45451355,23.54520321,87.29219791,0,81.7646562611555,1501496341009
0.28779602,9.498947,0.84013367,23.54520321,87.29219791,0,81.7646562611555,1501496341028
0.07136536,9.431763,0.28526306,23.54520321,87.29219791,0,81.7646562611555,1501496341065
0.4814911,9.373169,0.45877075,23.54520321,87.29219791,0,81.7646562611555,1501496341096
-0.2424469,9.33017,1.8717957,23.5452048,87.29219819,0,81.7646562611555,1501496341103
1.028656,9.351257,1.0536804,23.5452048,87.29219819,0,81.7646562611555,1501496341121
-0.11470032,9.763275,-0.6877899,23.5452048,87.29219819,0,81.7646562611555,1501496341140
0.35934448,9.566635,1.8250275,23.5452048,87.29219819,0,81.7646562611555,1501496341159
0.22259521,9.01947,1.047409,23.5452048,87.29219819,0,81.7646562611555,1501496341177
-0.3953247,9.0607605,-0.36032104,23.5452048,87.29219819,0,81.7646562611555,1501496341199
0.9903412,9.880661,2.217163,23.5452048,87.29219819,0,81.7646562611555,1501496341225
-0.24795532,9.533173,-0.78730774,23.5452048,87.29219819,0,81.7646562611555,1501496341242
0.56770325,9.352798,1.7191772,23.5452048,87.29219819,0,81.7646562611555,1501496341256
0.15058899,9.285355,1.4385376,23.5452048,87.29219819,0,81.7646562611555,1501496341271
-0.25656128,9.146881,-0.47976685,23.5452048,87.29219819,0,81.7646562611555,1501496341290
0.79615784,9.367859,1.8330383,23.5452048,87.29219819,0,81.7646562611555,1501496341309
-0.122924805,9.756531,-0.948349,23.5452048,87.29219819,0,81.7646562611555,1501496341329
0.5196228,9.786774,2.2867584,23.5452048,87.29219819,0,81.7646562611555,1501496341367
0.01524353,9.18782,1.6650696,23.5452048,87.29219819,0,81.7646562611555,1501496341391
0.0005950928,9.04097,-0.6209564,23.5452048,87.29219819,0,81.7646562611555,1501496341410
0.49284363,9.4878235,1.5096436,23.5452048,87.29219819,0,78.2117287608852,1501496341423
0.047424316,9.568268,-0.2699585,23.5452048,87.29219819,0,78.2117287608852,1501496341440
0.815567,9.539032,1.0641785,23.5452048,87.29219819,0,78.2117287608852,1501496341460
-0.040298462,9.6310425,2.1732635,23.5452048,87.29219819,0,78.2117287608852,1501496341479
0.7925873,9.109909,0.14857483,23.5452048,87.29219819,0,78.2117287608852,1501496341497
0.59539795,9.086273,0.7878723,23.5452048,87.29219819,0,78.2117287608852,1501496341517
0.39344788,9.470291,0.32421875,23.5452048,87.29219819,0,78.2117287608852,1501496341540
0.85691833,9.522339,0.4775238,23.5452048,87.29219819,0,78.2117287608852,1501496341558
0.074020386,9.44455,1.55336,23.5452048,87.29219819,0,78.2117287608852,1501496341577
1.0864563,9.183319,1.4068756,23.5452048,87.29219819,0,78.2117287608852,1501496341593
0.14186096,9.358093,-0.26631165,23.5452048,87.29219819,0,78.2117287608852,1501496341609
0.5686493,9.542786,1.5061798,23.5452048,87.29219819,0,78.2117287608852,1501496341628
0.5709686,9.221878,-0.18904114,23.5452048,87.29219819,0,78.2117287608852,1501496341649
-0.10774231,9.523956,2.0370636,23.5452048,87.29219819,0,78.2117287608852,1501496341686
1.3212585,9.269775,1.3638153,23.5452048,87.29219819,0,78.2117287608852,1501496341711
-0.042556763,9.398712,-0.79389954,23.5452048,87.29219819,0,78.2117287608852,1501496341729
0.5164337,9.534439,1.4566345,23.5452048,87.29219819,0,78.2117287608852,1501496341744
0.80693054,9.182877,0.66882324,23.5452048,87.29219819,0,78.2117287608852,1501496341760
0.20739746,9.361877,0.97413635,23.5452048,87.29219819,0,78.2117287608852,1501496341778
1.3847809,9.817032,1.5278015,23.5452048,87.29219819,0,78.2117287608852,1501496341800
-1.1935272,9.214127,-0.83543396,23.5452048,87.29219819,0,78.2117287608852,1501496341815
0.6859436,9.0816345,2.6111145,23.5452048,87.29219819,0,78.2117287608852,1501496341834
0.39302063,9.252075,0.39741516,23.5452048,87.29219819,0,78.2117287608852,1501496341853
0.080581665,9.74292,0.69844055,23.5452048,87.29219819,0,75.0431359659536,1501496341884
1.2594299,9.541336,0.91101074,23.5452048,87.29219819,0,75.0431359659536,1501496341909
0.068359375,9.354904,-0.22410583,23.5452048,87.29219819,0,75.0431359659536,1501496341910
